12150.0,0.9,-34.034462361808465,-25.10769222821813,0.8873586192243735,0.7321396355678853,0.8531411670512745,0.8242131406145111
12183.0,0.9024444444444445,-46.904703558950466,-16.05106485254438,0.9284869648599973,0.8783887282808447,0.954383124411858,0.9204196058509
12668.0,0.9383703703703704,-55.61858599689574,-15.787388274331025,0.9499656561309505,0.9121744432838833,0.9793838103468356,0.9471746365872232
12413.0,0.9194814814814815,-73.23764198267625,-16.953890731515326,0.9509606463820566,0.9385819055878478,0.9715460666988386,0.9536962062229143
11537.0,0.8545925925925926,-70.05981629504129,-17.455577566418317,0.9613060116949051,0.9997402976742907,0.9914147675385026,0.9841536923025661
11309.0,0.8377037037037037,-84.12807623389195,-17.403136097666824,0.9232243333949114,1.036713401352834,1.0066015382755285,0.9888464243410913
11943.0,0.8846666666666667,-59.75230916271615,-15.102888063052998,0.988132711552496,1.0474378717911614,1.001693863427463,1.0124214822570403
11691.0,0.866,-49.90615980248605,-14.928856787592796,1.0589600663284713,1.0561214002465795,1.0110471733963544,1.0420428799904684
11892.0,0.8808888888888889,-61.0920693741381,-15.291669879700121,1.0605822222527221,1.0291064880796343,0.9450314616467409,1.011573390659699
11820.0,0.8755555555555555,-47.56146496257802,-13.328804827357374,0.8855103418414515,0.9615025964438267,1.0281200613836166,0.9583776665562983
12032.0,0.8912592592592593,-27.85308347222585,-11.877212740020486,0.9499051361017705,0.9232854247222064,0.9528153097996307,0.9420019568745359
13649.0,1.011037037037037,-9.36170699574588,-7.521189225351141,0.8419731255917543,0.8118565203078106,0.9023507514434548,0.8520601324476732
13966.0,1.0345185185185186,1.6890938396832018,-11.438019734113217,0.8082704726204756,0.8206474204498624,0.9480141978564276,0.8589773636422553
13411.0,0.9934074074074074,29.367065601032138,-16.314618983380754,0.8267097843565748,0.8320036427322289,0.9920715017669118,0.8835949762852385
13733.0,1.0172592592592593,35.25525395594453,-20.317605305267996,0.7879662899975829,0.830062891571357,0.8736064930802949,0.8305452248830782
12535.0,0.9285185185185185,54.39667476980565,-26.01248003655161,0.8400184687241427,0.9227924873305938,0.9848455463698145,0.9158855008081837
12610.0,0.9340740740740741,47.3324891697164,-29.879823552516687,0.8361578148780933,0.9195020985587868,0.9762557086506087,0.9106385406958296
13421.0,0.9941481481481481,38.583821000024805,-28.8697854804713,0.7908184378327788,0.9340566106976333,1.0796170657563244,0.9348307047622454
14211.0,1.0526666666666666,36.51717508174982,-28.73085508901046,0.8616969869151713,0.8925308206461343,1.1256065753878404,0.959944794316382
14381.0,1.0652592592592594,29.94555876221568,-29.43906489876197,0.9418755963949913,0.9297007193761784,1.143931003037669,1.0051691062696129
14580.0,1.08,45.470569285051994,-32.556893507738074,0.9110056666061975,0.890919213739418,1.1581707184722416,0.9866985329392858
13005.0,0.9633333333333334,18.42221540665666,-37.38414956042956,1.0716237115774188,0.9859194794642676,1.245896605824848,1.1011465989555116
12352.0,0.914962962962963,-16.100080510494227,-44.15347146291637,1.0417515489344016,1.013033395218611,1.5017390190013669,1.1855079877181265
12474.0,0.924,-48.90149737613985,-46.572071141472435,1.0063181322511865,0.9881164152967912,1.5568062773603124,1.1837469416360966
12545.0,0.9292592592592592,-58.62314629816123,-47.92003867135726,0.9204606314190028,0.9610375981216716,1.5331027531231745,1.1382003275546164
13462.0,0.9971851851851852,-57.55710145387785,-46.91672530512568,0.9312506250585374,0.8984398341970184,1.6176883320810331,1.1491262637788628
14325.0,1.0611111111111111,-39.57498370544949,-46.20673389914609,0.914320944073676,0.853917984678705,1.5576750047989016,1.1086379778504274
15098.0,1.1183703703703705,-42.0919410903058,-44.408484118075336,0.8764958991949117,0.8188681586773771,1.4695061922583077,1.0549567500435322
15477.0,1.1464444444444444,-9.203084683735586,-43.200053338722995,0.7786783529696589,0.7886626748947326,1.3695234508494873,0.9789548262379597
15500.0,1.1481481481481481,-13.615806472735187,-42.60261655058191,0.8058695444509857,0.8118266558142185,1.258775386553006,0.9588238622727369
16115.0,1.1937037037037037,-4.442240272018331,-39.98288121587752,0.7419028906663678,0.7413541498803136,1.0977975330033738,0.8603515245166852
17207.0,1.2745925925925925,10.38043040569135,-38.45615820121224,0.6980240046688254,0.6855806773753863,1.044114652466878,0.8092397781703632
18211.0,1.348962962962963,9.025871240932915,-37.43334886309847,0.6529617880302674,0.6306065481246974,0.9291475869487289,0.7375719743678979
18572.0,1.3757037037037037,15.403612075591678,-40.08971040917131,0.5888932356793894,0.6069302143751751,0.7420706107810091,0.6459646869451913
16903.0,1.2520740740740741,-5.355869662258821,-46.58511460953217,0.5625875999975587,0.6134212513118682,0.6390496168334332,0.6050194893809534
15199.0,1.1258518518518519,-8.660487121946794,-52.24991919374436,0.5611415060577983,0.632909502361953,0.7257212372344655,0.6399240818847389
15188.0,1.125037037037037,4.528426020654815,-49.11629350944367,0.535294786422967,0.6099840220333524,0.6981335142116745,0.6144707742226646
14361.0,1.0637777777777777,-0.07560448749575316,-50.93430536685505,0.6321909748189837,0.6408740024881782,0.6634200530314502,0.6454950101128707
13688.0,1.013925925925926,-2.3682902325641284,-52.22426490909924,0.5418538673828592,0.6408795571995632,0.6109720795642338,0.597901834715552
13661.0,1.011925925925926,-6.942854465151148,-50.82824230848234,0.5441382488498147,0.6673011726675537,0.6353839345199271,0.6156077853457652
13999.0,1.0369629629629629,-1.12378068664427,-48.014896607037045,0.5163674410012712,0.6215197250112927,0.6671321766907106,0.6016731142344248
13538.0,1.0028148148148148,-18.596477246137056,-48.366115613045864,0.5244836107285913,0.6266061967719088,0.6364920997405247,0.5958606357470083
12802.0,0.9482962962962963,-20.857643873430128,-52.26225220688624,0.6046492026720073,0.6412723773163105,0.6810970399138077,0.6423395399673751
12826.0,0.9500740740740741,-15.344851591543845,-51.2036956347141,0.6404140380900178,0.6257324018697522,0.7340360919842276,0.6667275106479992
12570.0,0.9311111111111111,0.47797660606350145,-53.59402476259398,0.7360403223054314,0.6294665294963818,0.7355048909982329,0.7003372476000154
12408.0,0.9191111111111111,-10.168769771918738,-54.8085479002625,0.8872033243545369,0.6564635713914975,0.8156776155473661,0.7864481704311334
12009.0,0.8895555555555555,-6.222801766921446,-49.79068855591091,0.8544282983824105,0.69598682135168,0.9119864033983686,0.8208005077108197
11087.0,0.8212592592592592,10.943363046842428,-44.38588036440142,0.891211199998472,0.7356460500784174,0.8371685011724825,0.821341917083124
11810.0,0.8748148148148148,-14.92009563978464,-32.3425859935514,0.8916418236091695,0.6950755817568055,0.8792095674913986,0.8219756576191246
10473.0,0.7757777777777778,-25.465852479910826,-10.0579986669287,0.9197343684522294,0.6142254641060563,0.8120940775166914,0.7820179700249924
13584.0,1.0062222222222221,-42.143860734351385,-6.578557984770783,0.7686061135651988,0.6083513116610934,0.7480142954690607,0.7083239068984509
15387.0,1.1397777777777778,-58.45178797293457,9.762515628077022,0.8099584665048023,0.6937047900385095,0.7199392176883147,0.7412008247438755
15196.0,1.1256296296296295,-55.72420745554191,13.284899693758106,0.7453214414649213,0.7439877100839264,0.7394406139172138,0.7429165884886872
16054.0,1.1891851851851851,-37.76569103965418,16.41905713086298,0.6985106708766303,0.7292605996764114,0.7348024424758143,0.720857904342952
16719.0,1.2384444444444445,-40.91734440163699,20.49408322672489,0.7358064082483217,0.7456775503784618,0.743790148826362,0.7417580358177153
17342.0,1.2845925925925925,-34.89932004382736,21.70899694491787,0.6864916096285762,0.7227122774148673,0.7456389257868496,0.7182809376100977
17200.0,1.2740740740740741,-40.48510125951432,24.463869749511442,0.6815437219047172,0.7197827940045493,0.7325371272593643,0.7112878810562102
15720.0,1.1644444444444444,-4.037683810607969,29.278647324474246,0.7225039523667474,0.7651511786563359,0.7336242959485134,0.7404264756571989
16907.0,1.2523703703703704,33.96436325596248,28.57061574022965,0.7617624021249714,0.7513619593212356,0.7195517595425632,0.7442253736629234
16509.0,1.222888888888889,41.283123047256964,28.602625061759056,0.7116226311744814,0.7548766013039369,0.7664376034524819,0.7443122786436334
16319.0,1.2088148148148148,52.550378670607614,28.735532000519168,0.7722877793543707,0.7765868830259994,0.7774946446109858,0.7754564356637853
15849.0,1.174,49.06800298031251,28.797242589525954,0.7467174269477048,0.7550038224656004,0.7036626877861183,0.7351279790664744
15722.0,1.1645925925925926,45.15551442099225,29.588490158464534,0.7664851320644991,0.7351564973518081,0.659421767749033,0.7203544657217801
15007.0,1.1116296296296295,67.46927597629711,31.243211546464803,0.8162502395428133,0.7568065892972994,0.727405866545579,0.7668208984618973
13470.0,0.9977777777777778,76.46748659737398,34.08566660755174,0.8428770841414676,0.8282050699460147,0.8006334405480996,0.8239051982118606
12756.0,0.9448888888888889,76.96624624645216,38.095286038017726,0.8838427987889105,0.8067174822137473,0.8639058596019346,0.851488713534864
11794.0,0.8736296296296296,66.67074935552206,42.43043319277775,0.7499400617373987,0.8143401547195368,0.952117159311636,0.8387991252561905
10760.0,0.797037037037037,81.01849411090069,46.02017717363174,0.835024627811334,0.9022547107817148,0.9060011328885064,0.8810934904938517
11418.0,0.8457777777777777,113.8990058386695,39.189372388228925,0.7995020264755502,0.8400162046973567,0.7921685947868436,0.8105622753199168
12331.0,0.9134074074074074,127.6175436316305,30.309566898875104,0.8944646481727304,0.8242127668331947,0.9634858322529786,0.8940544157529678
12545.0,0.9292592592592592,126.13274732121259,25.277364190442288,0.8027431314608101,0.8465549186592229,0.8467748811696838,0.8320243104299055
12131.0,0.8985925925925926,105.65375259865696,24.322731756262513,0.8515873844787324,0.8573230656661299,0.9755817822152721,0.8948307441200448
12799.0,0.9480740740740741,101.69396174242026,23.662363018791957,0.868640023161991,0.8129215735986146,0.9156765717698742,0.8657460561768265
12508.0,0.9265185185185185,60.87552905582951,25.71120738694206,0.8810026896782325,0.8340549027293838,0.960940065890154,0.8919992194325901
12593.0,0.9328148148148148,49.16820565312884,21.656248483344136,0.8540453862235441,0.8269450600109368,1.2040124284442972,0.9616676248929261
13527.0,1.002,11.244151712064104,19.596607843053604,0.8065747940796167,0.7389356060488756,1.1271339177857957,0.8908814393047626
14018.0,1.0383703703703704,4.457137672226549,16.162517354205196,0.7683217091267398,0.7257420611548427,1.0335531575217414,0.8425389759344414
14376.0,1.064888888888889,-12.695616020082511,16.734837643634336,0.8088237803635818,0.7210577731932483,0.9994229081144888,0.8431014872237729
14957.0,1.107925925925926,-22.73642332338114,15.968918785992738,0.7847187090036378,0.7145561014040155,0.874698505159013,0.7913244385222221
14535.0,1.0766666666666667,-39.26222333908352,13.64519694421823,0.7030063086524443,0.7242875469473076,0.8267774374462044,0.7513570976819853
13680.0,1.0133333333333334,-31.86729578257413,11.33997488391549,0.8197993861805378,0.786169327536598,0.7823685547698663,0.7961124228290007
13931.0,1.031925925925926,-27.343145405290688,11.323998212130288,0.7810061527366119,0.7666332967479054,0.8215364390938316,0.789725296192783
13248.0,0.9813333333333333,5.096560828995146,10.300227720533341,0.7954773059786365,0.8501593463318715,0.9239707364791871,0.8565357962632317
13332.0,0.9875555555555555,41.74769183142172,9.558404803062958,0.7885786462825999,0.8405504896387668,1.120114388937114,0.9164145082861602
12531.0,0.9282222222222222,67.49183036624537,14.10441731672557,0.8777872715138635,0.9402806235335237,1.1964407011630647,1.0048361987368173
12956.0,0.9597037037037037,72.08815415525353,15.232098955795465,0.846600307163516,0.8994974201279115,1.2687711336849214,1.0049562869921163
12903.0,0.9557777777777777,71.63156978758714,16.189101583797417,0.810910592626513,0.9055756964074491,1.3574776598135287,1.0246546496158302
12103.0,0.8965185185185185,109.15014679521272,17.726265063052317,0.909030904782194,0.9657645813294727,1.291347273071252,1.0553809197276396
12517.0,0.9271851851851852,134.5471274802214,15.786718436609602,0.9295561640545161,0.9609436167378966,1.3596756354974529,1.0833918054299552
13329.0,0.9873333333333333,92.47323707311635,12.199654923398453,0.8558618092295286,0.9151077794601585,1.323647109604924,1.031538899431537
13600.0,1.0074074074074073,71.60795858025962,9.482949186143472,0.8954655059115955,0.8791970475923525,1.1044144946272647,0.9596923493770708
12456.0,0.9226666666666666,30.26739531964254,8.799119104408696,0.8287923195180944,0.8536014870280385,1.1297792779420355,0.9373910281627227
12415.0,0.9196296296296296,-0.8328527510860312,8.457343944941238,0.7904254366172192,0.8401243515007588,1.0234989614067829,0.8846829165082536
12816.0,0.9493333333333334,-1.6618659828602265,8.213644861129819,0.6924193840853734,0.7518484751897889,1.0419359707649112,0.8287346100133579
12637.0,0.9360740740740741,-18.823202830403677,7.325274236276803,0.7683276123634691,0.7336122234041638,0.928094832035077,0.8100115559342367
12311.0,0.9119259259259259,-32.13675818248191,8.994586572439692,0.7425876147449463,0.7116917617819969,0.9048920093824885,0.7863904619698104
10645.0,0.7885185185185185,-12.046679927500488,7.1848602158260775,0.787617157792778,0.7706506536139958,0.938462440415477,0.8322434172740835
9998.0,0.7405925925925926,-6.793818298495011,6.282026963261701,0.8117020147138703,0.7639070461577563,0.8550808389075593,0.8102299665930618
8862.0,0.6564444444444445,-27.466312345416412,10.127374043816491,0.7656003889068181,0.8011569370631214,0.7539597832448155,0.7735723697382516
8697.0,0.6442222222222223,-44.54239017852908,14.745676155420485,0.7236359981683324,0.6066352444519646,0.77610154379956,0.7021242621399523
8657.0,0.6412592592592593,-47.138254012217544,-13.806381125489931,0.7496527578711448,0.6043436395091459,0.767184296756812,0.7070602313790343
9406.0,0.6967407407407408,-13.944540189009402,-9.552172742829454,0.8444661513355564,0.7440264143954666,0.8914743650944295,0.8266556436084841
9446.0,0.6997037037037037,3.8307720858671357,-12.157604896532352,0.8490044249447174,0.8054458840459169,0.9594498793696147,0.8713000627867497
9817.0,0.7271851851851852,9.81083957148399,-17.63702570696152,0.9979652475746189,0.8220594209860689,1.0088254034732855,0.9429500240113246
9034.0,0.6691851851851852,3.278397020359028,-23.86742240392671,0.9890896823572805,0.9307693641872137,0.85643735889053,0.925432135145008
9294.0,0.6884444444444444,32.02989189764246,-23.855604284497865,0.8538628395822219,0.9066401583793257,0.8615487934234698,0.8740172637950057
9889.0,0.7325185185185186,44.0419773557377,-24.08642336172056,0.7529776069290731,0.9254028844916122,0.9007720945434974,0.8597175286547275
10533.0,0.7802222222222223,52.07604652139904,-25.192737989742035,0.7259648035854236,0.8692042946656198,0.819694877006015,0.8049546584190194
9922.0,0.7349629629629629,80.94706076250921,-30.780134643616336,0.7626699857683436,0.8807911466739591,0.7295626574699454,0.7910079299707494
10405.0,0.7707407407407407,75.4098992148923,-30.309036704836902,0.7696205772159946,0.8443885432466215,0.8139772290587173,0.8093287831737778
9822.0,0.7275555555555555,78.93621613921172,-36.87706649168474,0.7893098464353691,0.9151587899108624,0.9896247669507808,0.8980311344323374
10645.0,0.7885185185185185,76.84793092647563,-32.68693381147134,0.7523179609441683,0.8738599507295851,0.9238963517862919,0.8500247544866818
10191.0,0.7548888888888889,74.77578051037216,-34.50563861824348,0.9283583416333148,0.9380304636918374,1.0476130392514373,0.9713339481921964
10415.0,0.7714814814814814,83.967902702005,-34.8450714541646,0.9864487369974884,0.9863284214949962,1.0231806065617133,0.9986525883513994
11692.0,0.8660740740740741,77.18960774745827,-32.32374030469667,0.8124023279972797,0.9412332484924361,0.9114576354798435,0.8883644039898532
12125.0,0.8981481481481481,89.66143086165704,-33.46558260321329,0.8483834691216781,0.9341546725420129,0.9198864156019341,0.9008081857552083
11475.0,0.85,97.45987500478189,-36.71848003897972,0.8830915250655101,0.9739370437682278,0.9246737036621772,0.9272340908319717
11780.0,0.8725925925925926,74.21413764396432,-33.177840328272005,0.9417999677383511,0.954633111079424,0.9507160917438009,0.9490497235205253
12526.0,0.9278518518518518,82.72047975222232,-27.693237368001007,0.8984254131882361,0.9012422268219558,0.9804374844642446,0.9267017081581455
13376.0,0.9908148148148148,83.69439114447412,-24.57651192026404,0.8622522790894213,0.8538586007994787,0.9363072846157116,0.8841393881682039
13763.0,1.0194814814814814,85.63338857677033,-19.89232932491653,0.7819263909574093,0.8714755791610707,0.9485531713748727,0.8673183804977841
13938.0,1.0324444444444445,94.45599144477028,-17.519716714743954,0.8085461171376251,0.8209166108789885,0.9562492030784199,0.8619039770316778
13855.0,1.0262962962962963,78.88046390376992,-17.02351449181486,0.791310041096476,0.8688521968349768,0.9068402083738535,0.8556674821017688
15473.0,1.1461481481481481,59.576262300218744,-12.388579338198847,0.8537911334946937,0.8448444201717099,0.9206522930523178,0.8730959489062405
15557.0,1.1523703703703703,71.93814853757068,-13.858212510339937,0.7355835425131106,0.8197341998519952,0.8587951614028577,0.8047043012559879
15330.0,1.1355555555555557,68.65882986146366,-14.351593670435669,0.7654999778846806,0.8092344966669968,0.8710443532513723,0.8152596092676833
15076.0,1.1167407407407408,34.379227354421936,-18.659908610809445,0.734961047949453,0.794720652640794,0.8281673388153196,0.7859496798018556
15894.0,1.1773333333333333,0.6517660089487896,-19.582862231100865,0.709743648689804,0.7629678843039815,0.7430130093680959,0.7385748474539605
17163.0,1.2713333333333334,-45.087524882664844,-16.35700507079342,0.6535043531037491,0.7608580197169494,0.616813958321157,0.6770587770472852
17340.0,1.2844444444444445,-54.37966004434244,-14.402827595435015,0.6241633222736219,0.7786214391980482,0.6106535359293828,0.6711460991336843
19041.0,1.4104444444444444,-43.55009655056001,-11.980516640087005,0.5760789461455238,0.7075124967560372,0.6341993390087641,0.6392635939701085
19373.0,1.435037037037037,-49.920801139402606,-11.583121113659212,0.5706032440747454,0.698069494714526,0.6830038715573007,0.6505588701155239
17674.0,1.3091851851851852,-48.750102436500484,-13.908220085087581,0.6545102650300602,0.7444821974105215,0.6695629950912995,0.6895184858439604
16986.0,1.2582222222222221,-46.76441522762361,-17.363778248900445,0.688827148036159,0.7308073168578143,0.7611662849072259,0.7269335832670665
16994.0,1.2588148148148148,-57.50577922116588,-18.325224012422538,0.6764181705640175,0.713052467317845,0.8267989273541925,0.7387565217453517
15484.0,1.146962962962963,-80.25443486215936,-20.26574712379297,0.7069018136799378,0.7660601927624652,0.7348627269395026,0.7359415777939685
17422.0,1.2905185185185186,-73.99780248262246,-21.135084417552584,0.6725076896848781,0.6649759888828888,0.7594522465533967,0.6989786417070545
16123.0,1.1942962962962962,-67.204171734277,-23.68075718226171,0.703510473160573,0.7532925368526309,0.7597751844515579,0.7388593981549206
15289.0,1.1325185185185185,-65.17544471239792,-28.940881443845804,0.7785491337332564,0.8137987704596608,0.836544515285052,0.8096308064926564
15639.0,1.1584444444444444,-64.567072470745,-31.081726665946338,0.7579542654906861,0.7987535467968506,0.7879670993838556,0.781558303890464
15163.0,1.1231851851851853,-59.29044577955361,-33.30912399343486,0.719321440187114,0.7645356940481057,0.7300845912133203,0.7379805751495133
16196.0,1.1997037037037037,-43.0958665936583,-29.64419171768327,0.6229265700512915,0.7041093643455011,0.7359150684281811,0.6876503342749912
16750.0,1.2407407407407407,-52.50430748036962,-26.760522491968068,0.6135119022501299,0.7094031933909168,0.7063052356245523,0.676406777088533
17087.0,1.2657037037037038,-41.366074721851746,-24.32708805403653,0.6731773767996053,0.6866719373216317,0.8143844011764991,0.7247445717659121
15306.0,1.1337777777777778,-52.05613116891158,-24.253033680437984,0.6702617524164393,0.7540862097633911,0.8331453359216375,0.7524977660338227
14943.0,1.1068888888888888,-51.33512252064321,-19.267947264488146,0.7536227213319308,0.7815483578951973,0.8827917194699201,0.8059875995656828
13696.0,1.0145185185185186,-46.48203515806264,-17.209571702350264,0.7359623552684528,0.7782090494526024,0.8815457839649078,0.7985723962286543
11720.0,0.8681481481481481,-41.41484604310194,-14.690800439323308,0.768240594424547,0.7742560403708455,0.8750858676531095,0.8058608341495006
10588.0,0.7842962962962963,-41.76435035321042,-11.32813555922836,0.7906933678771284,0.7250403956251906,0.7884961857916248,0.7680766497646481
9687.0,0.7175555555555555,-52.78162490701104,4.804524398558476,0.7321387422420954,0.5619735041169694,0.7561986015514797,0.6834369493035148
10354.0,0.766962962962963,-37.56302773797263,3.7707700914228885,0.6674427498088554,0.5308737709926049,0.6841007728654267,0.6274724312222957
12672.0,0.9386666666666666,-20.56202572245786,22.60828901865291,0.8254555125909271,0.6439016820287461,0.8750262950445197,0.7814611632213976
12792.0,0.9475555555555556,-8.23103784509162,33.172558746454705,0.9086060799399864,0.7617940485595854,1.1007932878660727,0.9237311387885482
13341.0,0.9882222222222222,-6.1802610565773,40.60545190611806,0.8495524531609123,0.8050329829181894,1.0653113434261958,0.9066322598350992
14269.0,1.0569629629629629,5.466526003090323,44.86792394535221,0.9064730176244025,0.8485944857071024,1.1036441287159473,0.9529038773491507
15320.0,1.1348148148148147,38.09000125037176,48.12572712114193,0.9792518192038605,0.9054396641885164,1.109787088290218,0.9981595238941984
14312.0,1.060148148148148,13.056369862673666,56.25891506242202,1.0253420574832726,0.9492824455246225,1.1770578545727324,1.050560785860209
13982.0,1.0357037037037038,-7.894974717151253,61.05750834785129,0.9486192122678133,0.9659750665575191,1.146775772590358,1.0204566838052302
13577.0,1.0057037037037038,-11.150578371117968,68.51760799080954,1.0382566562160478,1.0090937701973928,1.254525199742896,1.100625208718779
13557.0,1.0042222222222221,-32.542742904810034,70.37226910704813,1.011265994637198,0.9959598092188717,1.2216029942907922,1.076276266048954
12779.0,0.9465925925925925,-37.99300671095855,76.27716405911016,1.0579392052355834,1.0656338714678815,1.2662296114085612,1.1299342293706753
12780.0,0.9466666666666667,-13.557480926020853,76.44403013118844,1.086377189412823,1.0907197233710324,1.193778544637951,1.1236251524739354
13473.0,0.998,-1.857074468208993,73.60649259462714,1.1702242866972803,1.127644305596788,1.277973605300554,1.1919473991982075
14172.0,1.0497777777777777,4.240674679623694,72.54371035186844,1.0009215927143977,1.072952048462123,1.172588889141223,1.0821541767725813
15526.0,1.150074074074074,6.606717272538213,68.4161740287112,1.0230367537155782,1.0230106408138535,1.1242284795340587,1.0567586246878302
15996.0,1.1848888888888889,41.70113330495172,66.96485515588553,0.9298492260506419,0.967897185072948,1.0394664540187866,0.9790709550474589
16477.0,1.2205185185185186,56.48579605417742,67.18607875841093,0.943662344593511,0.9325088664179996,1.029970631571738,0.9687139475277494
16374.0,1.212888888888889,35.85958865001524,67.58528687732168,0.9124363909207821,0.9452813409886294,1.0797625407389404,0.9791600908827839
14818.0,1.0976296296296297,28.237589839900508,76.67410330854264,1.0462740138319764,1.0016335586189058,1.3302170977185448,1.1260415567231423
15142.0,1.1216296296296295,28.38048466316304,76.15862579829346,1.04795163265668,0.9950503880252828,1.1943364107258878,1.0791128104692835
15441.0,1.1437777777777778,26.591491387546935,74.47131076189847,0.9878084939009828,0.9731320812837344,1.160490153913313,1.0404769096993434
16175.0,1.1981481481481482,-2.7434056535215494,72.82143375626801,0.8236918928758001,0.9051761168176674,1.2362387641830122,0.9883689246254933
15700.0,1.162962962962963,1.4373649939998374,78.79236782437012,0.8466568899788349,0.8644126775603278,1.2843874717291794,0.9984856797561141
15194.0,1.1254814814814815,27.221007979141195,84.947463147668,0.8274308963369056,0.8800650280038873,1.240192093874397,0.9825626727383967
14864.0,1.101037037037037,39.09392716475248,89.1724085462287,0.8785850330637246,0.878371726614427,1.0889668772483865,0.948641212308846
15972.0,1.183111111111111,68.97235150648135,83.45582810523385,0.9082660662819677,0.8155508756832748,0.9445994871182676,0.8894721430278367
14368.0,1.0642962962962963,79.42291726466517,94.66300841700831,0.8773973876299984,0.8306122396106762,0.8778532905952369,0.8619543059453038
15057.0,1.1153333333333333,122.35067407976017,91.89395816679539,0.8730104578427453,0.7984519644688811,0.8605881430052607,0.8440168551056292
13186.0,0.9767407407407407,117.57029336204755,105.17928697323373,0.908275866778244,0.9025732916238031,1.019173777198722,0.9433409785335897
12808.0,0.9487407407407408,122.20177867473774,107.95782185114521,0.9512048624359447,0.888014385207933,0.9716206530342403,0.9369466335593727
12013.0,0.8898518518518519,98.08445005743376,113.44668055164247,0.9871194688705124,0.8903913720378582,0.9846353065638862,0.9540487158240856
12764.0,0.9454814814814815,97.13253321379608,105.24254433350434,0.9771145578705631,0.847705726662776,0.8718285258796253,0.8988829368043215
11769.0,0.8717777777777778,84.7305714842051,111.35195077215887,0.9455761596987864,0.9017887136731767,0.9066679841074434,0.9180109524931354
11968.0,0.8865185185185185,57.29168314015686,105.45345711044196,0.8762700140692304,0.9421752269825128,1.0101756093099208,0.9428736167872213
11457.0,0.8486666666666667,47.84751500776484,104.15078078334523,0.9355935019276382,0.9645162235171603,1.0536427342396517,0.9845841532281501
11387.0,0.8434814814814815,40.99593100645048,98.76254089830873,0.9063426986061922,1.000290758532188,1.043915762566044,0.9835164065681413
12651.0,0.9371111111111111,26.31569885364823,86.31083743104638,0.8748343242282078,0.8787701781840067,0.9572455039595801,0.9036166687905983
13267.0,0.9827407407407407,17.609980486278296,74.73225022698286,0.8114068725134997,0.8896149056115004,0.9146694745617822,0.8718970842289274
13244.0,0.981037037037037,2.727579031139328,68.74446867269171,0.8643633427526062,0.9026839780742086,0.9592855900783112,0.9087776369683752
12757.0,0.944962962962963,-21.991098358246923,65.58241059844909,0.8112649259899514,0.9440424170467765,0.9325336322669494,0.8959469917678925
12739.0,0.9436296296296296,-36.44645578644872,61.536986482707334,0.9883963002003231,0.9514566954468143,0.9958219431975646,0.978558312948234
12815.0,0.9492592592592592,-37.1900848948889,58.23847283167597,0.9969362445820315,0.957500388252475,1.1373086092101927,1.030581747348233
12421.0,0.920074074074074,-26.751470826414792,56.933035736459416,0.8856608465718463,0.9432877789865647,1.1773208721534858,1.0020898325706322
11544.0,0.8551111111111112,-30.08614022913786,57.44127258100421,0.9141346997629847,0.9758043571955206,1.258284358495852,1.0494078051514524
11661.0,0.8637777777777778,-48.38818301619794,51.38965407641809,0.912258330097762,0.9371536100753696,1.1981232981431424,1.0158450794387581
12291.0,0.9104444444444444,-41.94812597808971,42.16486139151057,0.852101431121766,0.9292106362389937,1.1053923058385349,0.9622347910664315
12743.0,0.943925925925926,-41.79642642755187,34.88879994565898,0.8599505336099433,0.8811487541832254,0.9889533738582729,0.9100175538838138
12503.0,0.9261481481481482,-40.515985852552674,28.90043575870117,0.9365831956003217,0.8277674241238225,0.9660288934327854,0.9101265043856431
12263.0,0.9083703703703704,-33.80889182615834,23.75558191721989,0.9024867474131224,0.7688923772919437,0.9148568502165397,0.862078658307202
10265.0,0.7603703703703704,-35.24264694560389,22.86471445177155,0.7750261692383392,0.6401332503399837,0.7890010094446843,0.7347201430076691
9745.0,0.7218518518518519,-75.30367525990368,11.968429958709656,0.7676621490114589,0.546624842089324,0.6966192058415642,0.6703020656474491
10135.0,0.7507407407407407,-63.07815015179588,38.214512412704295,0.8927779799330572,0.6650212566117901,0.7570857669382302,0.7716283344943592
9980.0,0.7392592592592593,-61.068469097795045,47.83816996344067,0.9804321871138435,0.7903493440215521,0.7861335543712289,0.8523050285022081
10820.0,0.8014814814814815,-73.36769684824236,49.9107734167072,0.8258028237744172,0.7918110852234093,0.8328558742583835,0.8168232610854033
11438.0,0.8472592592592593,-77.72518224624808,50.221017095186774,0.8744052438630965,0.7665276003887591,0.7943487990902081,0.811760547780688
11698.0,0.8665185185185185,-53.049857578984536,52.8902146482938,0.8041356876826841,0.7566896309649529,0.7816115840834489,0.780812300910362
12673.0,0.9387407407407408,-41.33247265930748,51.15401785441659,0.8608531189226725,0.7555535715115854,0.9675364152390854,0.861314368557781
13370.0,0.9903703703703703,-33.85977239473505,44.23461300835585,0.8110743629630899,0.7789119399622852,0.9205073077850132,0.8368312035701294
13668.0,1.0124444444444445,-68.874272018986,42.42681228782158,0.7951433464588066,0.7335587369753163,0.8612371716149174,0.7966464183496801
13392.0,0.992,-67.88145019896223,46.23318505045615,0.7891571637030657,0.7429007783726594,0.7558952294976067,0.7626510571911105
13386.0,0.9915555555555555,-80.24516989347269,46.347132959449496,0.7656184890537409,0.7690036831418,0.829463089573236,0.7880284205895922
13835.0,1.0248148148148148,-112.43657024772824,44.49531511034479,0.7489236102473812,0.8017239763123897,0.8577363470957323,0.8027946445518345
13898.0,1.0294814814814814,-105.1827494252542,45.46353961968472,0.7155347343369665,0.8003912754532332,0.7936296482903137,0.7698518860268377
14182.0,1.0505185185185186,-101.70339874630488,44.62494456881532,0.7277322146092242,0.7936705615090123,0.7893369748621141,0.7702465836601169
14418.0,1.068,-97.81023663844549,44.08447837659942,0.736571215659513,0.7882340540004371,0.7856531365896244,0.7701528020831915
15573.0,1.1535555555555554,-107.32984513736331,40.65271027622462,0.7375958475501332,0.7430360855616636,0.7019378267984071,0.7275232533034014
15302.0,1.1334814814814815,-84.7550574018322,41.084202867451005,0.7561223573518377,0.7636137483320827,0.7666325608736101,0.7621228888525101
14940.0,1.1066666666666667,-65.11460518276122,41.06215949944807,0.7893903519114214,0.7870607513671861,0.8435540804795066,0.8066683945860381
15272.0,1.1312592592592592,-48.78221129775352,39.823597303882345,0.7882367639126611,0.744869720936836,0.7413666207935617,0.7581577018810196
16907.0,1.2523703703703704,-36.193162582332974,34.46559711811539,0.733903543240439,0.7065987616526855,0.6652144908595993,0.7019055985842413
18953.0,1.403925925925926,-8.313743191228593,27.752797042236224,0.7185347542475389,0.661279324199535,0.6526759065800453,0.6774966616757063
18830.0,1.3948148148148147,-0.9557501848790555,24.79554012143418,0.657301271096644,0.640468244923459,0.6831992180986576,0.6603229113729202
17671.0,1.3089629629629629,16.992738239309016,24.171098531588253,0.6506446803084326,0.6525173337654564,0.6337027768294463,0.6456215969677784
17554.0,1.3002962962962963,8.502732730878535,23.339974547505406,0.6845372173357156,0.6620714941818023,0.6556566866066722,0.66742179937473
16536.0,1.224888888888889,-6.773697295521617,25.62784614427115,0.7114407033645809,0.7010138405785784,0.7318190331876642,0.7147578590436078
16108.0,1.1931851851851851,-21.891091632964997,26.59675605005253,0.797467462477313,0.7382238607946514,0.8168369901511356,0.7841761044743668
14284.0,1.0580740740740742,-10.173632678545522,31.825144375435976,1.014255187794026,0.8333289883668048,0.8623165518020296,0.9033002426542868
14176.0,1.0500740740740742,-40.456215334874074,32.379683944502666,0.9855797065196017,0.8286252522233005,0.9006630028244274,0.9049559871891099
12920.0,0.957037037037037,-83.41999816653711,33.99253327814471,0.9567907852428673,0.8887570081502564,0.9242380146185857,0.923261936003903
12507.0,0.9264444444444444,-86.67193692845619,34.488526356836104,0.9165636394890757,0.8968875041174765,1.1269233732373103,0.9801248389479541
12668.0,0.9383703703703704,-70.16945152303633,33.47330361543691,1.027569190581494,0.8593454118446576,1.1069808963997942,0.9979651662753154
12122.0,0.8979259259259259,-97.94040258055871,33.521107311337396,0.9871451055047367,0.835592711661516,1.0083925827264018,0.9437101332975515
11581.0,0.8578518518518519,-88.6059717527764,36.02965944116651,0.9073861071709496,0.8470610459173167,0.9824147169237691,0.9122872900040119
11152.0,0.8260740740740741,-64.76084753400175,39.80238358438084,0.9591165518983249,0.871378015388332,0.9716204350114834,0.9340383340993802
11533.0,0.8542962962962963,-37.24844716521402,41.51585308490436,0.8804825178451674,0.8365194821124665,0.932628122899837,0.8832100409524903
11000.0,0.8148148148148148,-13.2511739401508,42.007278016266895,0.97030944525043,0.8751625338744439,0.8492017505773312,0.8982245765674017
11236.0,0.8322962962962963,24.43466730519567,38.70704325920825,0.8922624779423566,0.7949375441619513,0.9030165173400154,0.8634055131481078
11687.0,0.8657037037037038,58.90144911836259,35.385323485509396,0.8433208098814207,0.7519559293127402,0.8209278073095968,0.8054015155012526
14009.0,1.0377037037037038,73.58579399227153,30.195014618505105,0.7331067775848611,0.6454668132277575,0.8612428186088336,0.7466054698071507
14637.0,1.0842222222222222,87.02328095944743,28.357272208118324,0.6488245964016385,0.6192902526027967,0.8835557349740276,0.7172235279928209
13862.0,1.0268148148148148,79.80073820942428,29.893166294710888,0.7097594100318009,0.6361237739043354,0.8499398753521683,0.7319410197627683
13714.0,1.0158518518518518,66.74029397920518,31.37189299802091,0.7039440695194424,0.6492364305041126,0.8464399107125041,0.7332068035786864
13422.0,0.9942222222222222,46.223996389406835,30.504192011947342,0.6872330323085074,0.591996156312135,0.7775902288783675,0.68560647249967
14259.0,1.0562222222222222,15.314413472802274,30.411705104189373,0.7226751396961144,0.5389260190402971,0.6840623256393701,0.6485544947919272
14782.0,1.094962962962963,-2.594524580091344,27.453598372058536,0.6119861574271039,0.522867228337943,0.5996701818209887,0.5781745225286786
15190.0,1.1251851851851853,23.74690735023023,23.485376214290845,0.5256509377331288,0.5293323214131702,0.6021939408879383,0.5523924000114125
12513.0,0.9268888888888889,27.39293183903713,23.50566284925446,0.5932263787790448,0.6296460589150272,0.7238557832668981,0.6489094069869901
12640.0,0.9362962962962963,30.499028087672635,20.36688969656335,0.5999006723545575,0.5727771574132228,0.6597264652301833,0.6108014316659879
10363.0,0.7676296296296297,9.920662507244408,21.630803665016895,0.6031397112297238,0.6086833321418634,0.7432437826719719,0.6516889420145197
8459.0,0.6265925925925926,-14.198336460253017,29.051591555723846,0.6776172002547787,0.5481050650864715,0.6319392332246488,0.6192204995219663
7243.0,0.5365185185185185,-5.290419451468484,-19.717602678945592,0.8153485197345308,0.5890920194281116,0.7378886989562129,0.7141097460396185
8760.0,0.6488888888888888,20.02048702581949,-16.48021400486764,0.8900161400987542,0.7284529812854361,0.7909748802730292,0.8031480005524066
10277.0,0.7612592592592593,46.19286166433906,-18.500391112238052,0.9971241515662532,0.7673609163410144,0.8461352771239437,0.8702067816770706
12014.0,0.8899259259259259,61.01447237920607,-20.148499297962573,0.885564355964497,0.7372911210071038,0.8030496067382366,0.8086350279032791
12689.0,0.9399259259259259,43.883488067578185,-21.094008685046752,0.8857356395962301,0.7589151988380752,0.8281413983316189,0.8242640789219747
13125.0,0.9722222222222222,54.592902678798644,-26.7972764620901,0.7887481064398998,0.7917587342408048,0.8010976571999556,0.79386816596022
13475.0,0.9981481481481481,68.75189962665968,-26.647795786076962,0.6832821220783977,0.7476674877211459,0.7454746064458212,0.7254747387484549
14193.0,1.0513333333333332,64.87870602246566,-28.073229656902917,0.7024811328101405,0.7051830030134122,0.793955259528375,0.7338731317839758
13847.0,1.0257037037037038,65.40716954913144,-28.482162422154058,0.6508148885119037,0.7532354912438408,0.7506073219861827,0.7182192339139757
13751.0,1.0185925925925925,40.826198239508216,-29.99960744635145,0.7267733865511948,0.797261267562884,0.7036270015581038,0.7425538852240609
13684.0,1.0136296296296297,71.26137044375116,-34.52091557459104,0.7701244162170083,0.7844620277629144,0.7703785296365513,0.7749883245388247
13083.0,0.9691111111111111,53.997406181260104,-38.090841675314074,0.7671897322168947,0.7974287881251169,0.8187019429703747,0.7944401544374621
15173.0,1.123925925925926,31.88637141642402,-34.61267036848842,0.7013526836587698,0.7217478023177482,0.7132474479814431,0.712115977985987
15916.0,1.178962962962963,17.746218325862856,-33.01709231159048,0.671334472394848,0.7164444523775021,0.6530887422316175,0.6802892223346558
16609.0,1.2302962962962962,7.561136934672399,-32.794421786542166,0.6840109017279802,0.7111931595958529,0.6970392053235585,0.6974144222157972
14075.0,1.0425925925925925,8.996909150271886,-42.329749168735404,0.7918225242916632,0.8659709680393459,0.8192033591946518,0.8256656171752202
13645.0,1.0107407407407407,-4.607565505277229,-48.555516884946826,0.8334193086421054,0.9283817487739267,0.9258267226571968,0.8958759266910764
13856.0,1.0263703703703704,-12.009245695032561,-51.608582470715604,0.9431329521172893,0.9346426510482198,1.0082275736106874,0.9620010589253988
13732.0,1.0171851851851852,-0.02836295791159902,-54.54524133853593,0.9719325461550476,0.9365970778872469,1.157977952557214,1.0221691921998362
14564.0,1.078814814814815,30.125730910486023,-54.60595224818046,0.9503198198474642,0.9587162903937783,1.365941817497641,1.0916593092462945
16223.0,1.2017037037037037,46.21729255805877,-52.42005142131092,0.9805944470074396,0.8924496664195046,1.273378324958182,1.0488074794617088
15772.0,1.1682962962962964,38.93987240361851,-54.68111947507458,0.9031934956079757,0.946880163355129,1.2663844961719275,1.0388193850450107
15243.0,1.1291111111111112,26.39737814362606,-59.5849138422537,0.8465482609881112,0.9443484403664542,1.0466750933244615,0.945857264893009
14044.0,1.0402962962962963,8.711029480156023,-66.5591133915016,0.8872387956142577,1.0003624090835357,1.0013665741956557,0.9629892596311498
12633.0,0.9357777777777778,-5.705516421038991,-73.37642434361251,0.9391191374581147,1.0621520160767257,0.9966397321376173,0.9993036285574859
12418.0,0.9198518518518518,-47.34147327455405,-77.59190904251034,0.956866482610444,1.0060971476261333,0.971815978260425,0.9782598694990008
12409.0,0.9191851851851852,-74.6997302600007,-80.95844637270326,0.9129468568703506,1.0205852016183834,1.0051485459028968,0.9795602014638769
12101.0,0.8963703703703704,-63.80769687726949,-84.23137429441856,0.9549283794143779,1.0419576881540256,1.0535632414110594,1.0168164363264875
12820.0,0.9496296296296296,-61.85988323438552,-80.05793394346391,0.9418480094502215,0.9998337202024166,0.992603877969375,0.9780952025406711
12729.0,0.9428888888888889,-73.49046242573375,-78.00296942079957,0.9221508511620216,1.0341105763590506,1.1103785917944666,1.0222133397718463
13402.0,0.9927407407407407,-67.44478036219587,-70.79247823623305,0.9605378920724646,1.0115649675000171,1.0332649845272712,1.0017892813665843
15813.0,1.1713333333333333,-62.361349081111676,-57.513198571738116,0.8995251562795301,0.890066237137,0.9477105457363826,0.9124339797176376
16028.0,1.1872592592592592,-60.127546690613514,-56.54248919280198,0.85542308691853,0.8235580589426083,0.8918011671310798,0.8569274376640726
15609.0,1.1562222222222223,-74.55743671983214,-55.02623375739938,0.8970750972815914,0.8250956701581725,0.9474169390928738,0.8898625688442126
14186.0,1.0508148148148149,-75.08754193531564,-55.073257457938006,0.8545284382149088,0.8876092869526454,0.939551633511923,0.8938964528931589
14067.0,1.042,-79.54100374212553,-50.80357025772884,0.8368777396579615,0.8891420605390025,0.9648811030971667,0.8969669677647102
14736.0,1.0915555555555556,-75.87534076052555,-45.091521578495694,0.8989336164615744,0.8833901280008422,0.8992015931392195,0.8938417792005454
15860.0,1.1748148148148148,-70.01772114891035,-42.670749322896846,0.8443692507477456,0.8323582730322286,0.9460102337393499,0.874245919173108
13947.0,1.033111111111111,-54.54445928116894,-46.01568555846431,0.9826153488986539,0.9535822511617638,1.128351047493633,1.0215162158513502
12641.0,0.9363703703703704,-65.02621975783461,-49.02958121303922,1.051353963865028,1.0182716847045146,1.1651920214666185,1.0782725566787204
13087.0,0.9694074074074074,-34.094538234423226,-43.95063624350284,1.0217072618694103,0.9435578910687062,1.0568831476869216,1.0073827668750128
13572.0,1.0053333333333334,-28.484622953503404,-42.42381766136769,0.9028562401109758,0.9144392451146076,1.057850463206324,0.9583819828106357
15628.0,1.1576296296296296,-11.590689440258274,-33.79294563005861,0.8639383749020899,0.8174798342405023,0.9629298626274624,0.8814493572566849
15175.0,1.124074074074074,-9.798931508098057,-33.5674118428685,0.9266669039038683,0.8281729625854466,1.064569345455158,0.9398030706481576
13400.0,0.9925925925925926,-19.200216750685374,-32.4507703760531,0.8954196054059949,0.8443569842245707,1.12970341967778,0.9564933364361151
12460.0,0.922962962962963,-6.4012718017753585,-31.55250061515331,0.9615264082758523,0.8602664159785764,1.1345712691181433,0.9854546977908574
12857.0,0.9523703703703704,-22.993071059807114,-25.88960137875447,0.8102362671271855,0.7661708672020836,0.9296480780018025,0.8353517374436906
11637.0,0.862,-42.327999872805094,-25.4205336374056,0.7490072926529943,0.799276304837337,0.9576436502592116,0.8353090825831809
11464.0,0.8491851851851852,-47.46694921132045,-18.494832172249296,0.7328919872269316,0.7161730666207661,0.7732613450751011,0.7407754663075995
9328.0,0.690962962962963,-42.25555721519115,2.341645247018579,0.6596293230869847,0.5948162155874704,0.7616901502909422,0.6720452296551325
6368.0,0.4717037037037037,-53.987610398549194,5.396093228845027,0.7848826566648216,0.6262250661196707,0.7546984477405057,0.7219353901749992
8502.0,0.6297777777777778,-42.0678798456141,16.944963511291338,0.7663997490964947,0.7099010890397149,0.8560629265466934,0.7774545882276342
9621.0,0.7126666666666667,-13.06679655863353,17.19083465539217,0.7152917861386134,0.7423065099153695,0.9262769616462567,0.7946250859000799
9585.0,0.71,-19.042166417683813,17.431502306352332,0.8249788849847274,0.7774415052339574,0.8559118029974674,0.8194440644053841
8759.0,0.6488148148148148,-13.09547131946447,20.0303987097315,0.8242293654255478,0.8641466950248436,1.0823010737547551,0.9235590447350489
8998.0,0.6665185185185185,-22.53025864716195,19.860111789690087,0.8865430769267837,0.8645576675288815,0.9978454795146826,0.9163154079901159
9962.0,0.7379259259259259,13.584524281765857,13.155338524991937,0.8548516715859096,0.8474946048850024,0.8385387535835064,0.8469616766848062
11554.0,0.8558518518518519,24.623076947086876,12.24701439966224,0.8326899620326466,0.7880973498038789,0.9522614027387075,0.8576829048584109
12947.0,0.959037037037037,27.07982583724903,11.162984431446734,0.8142083644062749,0.7534963128575123,0.8967213563531109,0.8214753445389661
14019.0,1.0384444444444445,24.645833167791547,12.652235349003636,0.7334183603504738,0.7824182847595805,0.8879963828769738,0.8012776759956761
13689.0,1.014,62.29279581932965,9.678059917277753,0.7990188366952923,0.7921358584297066,0.8592184548086667,0.8167910499778884
13353.0,0.9891111111111112,88.4017673976437,9.017539810753213,0.811652238394165,0.758117735461633,0.8603946338902108,0.8100548692486695
14444.0,1.069925925925926,104.40667083878324,9.579041449764693,0.8081435400091723,0.7400032516565007,0.8708638888316573,0.8063368934991102
16066.0,1.190074074074074,96.21435741764844,5.2696117941484,0.7557504540784629,0.7615495092657129,1.0584103634046773,0.8585701089162843
16258.0,1.2042962962962962,99.5184748242404,4.960765463723867,0.7332254084080766,0.7828948972072132,1.0773633515463956,0.8644945523872285
15624.0,1.1573333333333333,92.76079088423005,3.6813565122964396,0.7491601841012039,0.7932654960143434,1.1195378152579343,0.8873211651244938
15014.0,1.112148148148148,94.37283389350057,2.120070659900438,0.7659589056465881,0.8332996700718234,0.9543963894101305,0.851218321709514
13791.0,1.0215555555555556,108.26154199043577,2.419430502791666,0.8267368093339189,0.954309503418456,1.1907739692423387,0.9906067606649046
13290.0,0.9844444444444445,117.62410686734574,-0.15183500890180984,0.9116525773060538,1.013358406882586,1.1830850001232445,1.036031994770628
13302.0,0.9853333333333333,145.54700564727602,-0.9122628482593467,1.0430403494481952,1.052681410234802,1.286444255690584,1.1273886717911938
12633.0,0.9357777777777778,155.06009521566418,-2.275099075864184,1.038072212555131,1.0858576804437363,1.1531906972946013,1.0923735300978228
12460.0,0.922962962962963,175.5938394419829,0.0641627964112134,0.9427917837387799,1.0586085429452834,1.1882733688735427,1.0632245651858687
12485.0,0.9248148148148149,187.69373440132142,3.222122166717867,1.0805249155914007,1.066707148758531,1.1883310332072747,1.111854365852402
12290.0,0.9103703703703704,161.800449053838,4.707273008708662,1.1408570012603876,1.1823890819425393,1.1629270349597665,1.1620577060542312
10245.0,0.7588888888888888,170.6521411681685,9.048961453967436,1.0771831784185235,1.3689946481291815,1.2890478416420827,1.2450752227299293
11651.0,0.863037037037037,166.5939502843022,8.264834677217387,1.0498984382032424,1.1683111100074073,1.1754920049737811,1.131233851061477
11673.0,0.8646666666666667,124.174393110273,4.156223868366307,1.2463677141026974,1.172108283777809,1.2159084959472128,1.211461497942573
10898.0,0.8072592592592592,95.16272433771051,2.7625578026941064,1.1147406258789205,1.1771659651581141,1.2660410887845273,1.1859825599405205
12055.0,0.892962962962963,79.75449801082324,-1.1484601815526052,1.0212060584686815,1.111882167221282,1.33004596369645,1.1543780631288045
13805.0,1.0225925925925925,66.72795034665457,-2.924808732034046,1.124718196507848,1.0537276953977837,1.4768449170769098,1.2184302696608473
13506.0,1.0004444444444445,68.36538904784088,-8.260145189839877,1.0817886509967758,1.1008315028534104,1.268370112548483,1.1503300887995562
13928.0,1.0317037037037038,67.07929911587948,-8.66695645667932,1.0109851697831298,1.0166257254901325,1.3995706626630218,1.142393852645428
13757.0,1.019037037037037,48.953336523513876,-7.947404555547723,0.9909379631190632,0.9865339462523204,1.3321985852189653,1.103223498196783
13558.0,1.0042962962962962,70.30801778363801,-5.0654433909129954,1.0522000589909715,1.0307406939797734,1.4883264005200667,1.1904223844969373
14960.0,1.108148148148148,67.18364880153467,-4.471574376077471,0.8978398414325299,0.9684036177239711,1.3596019435038476,1.0752818008867828
14832.0,1.0986666666666667,57.41741183583881,-6.059712073952823,0.9333911375260218,0.9582033778707876,1.2974696990443644,1.0630214048137245
16369.0,1.2125185185185186,43.62833482166217,-4.248591858877162,1.053638371116504,0.9010829870643097,1.158447325865183,1.037722894681999
16484.0,1.2210370370370371,40.9509961951215,-2.038921429241704,1.0037750606839415,0.9435052020755826,1.178994186493014,1.0420914830841792
17439.0,1.2917777777777777,-3.1908524150046853,0.20918013625450207,0.9548546944919097,0.8776556713314324,1.0867524906905448,0.9730876188379624
17033.0,1.2617037037037038,-37.4768763000996,2.587275127525909,0.9728610842860732,0.8927991747979915,1.1296107198831167,0.9984236596557272
17876.0,1.324148148148148,-76.46669974779923,1.80919826766277,0.8422919583063349,0.8569858940917625,1.0991838306972357,0.9328205610317776
18639.0,1.3806666666666667,-87.66836177876654,5.128206304488986,0.820463397232795,0.7739738386347609,1.00314980637272,0.8658623474134254
18524.0,1.3721481481481481,-87.04898530652906,5.85775272301299,0.7966926187936595,0.7441723649562444,1.0230224891330384,0.8546291576276474
17135.0,1.2692592592592593,-75.73363972481187,8.957440810053072,0.7326344393302316,0.755943409799534,0.974055296516157,0.8208777152153076
17206.0,1.2745185185185186,-61.325896822055064,10.12750862786218,0.8967149151950273,0.7325736146106854,1.0033898359440374,0.8775594552499166
16079.0,1.1910370370370371,-67.24227180526816,11.917728021809207,0.7881805355283305,0.7147020194520793,0.8992420801416993,0.8007082117073696
14864.0,1.101037037037037,-83.7073025685482,11.8594704650458,0.8607364780771322,0.7398549044310633,0.8268174448390831,0.8091362757824262
14884.0,1.1025185185185185,-95.30152809320676,9.23470013892565,0.7910651536554701,0.6907075256771792,0.8159618473415773,0.7659115088914089
11923.0,0.8831851851851852,-75.88327053596508,10.688992401344912,0.7335787624344312,0.7329456584049682,0.7779112761805702,0.74814523233999
10663.0,0.7898518518518518,-58.044238678286185,18.368978955545472,0.6814715242142138,0.5712378465465341,0.7037574608370701,0.652155610532606
9302.0,0.689037037037037,-38.390134122315324,0.9870105568134269,0.6808230734751106,0.5934539217756589,0.7274635845228185,0.6672468599245294
11399.0,0.8443703703703703,-49.10501880730678,13.187850031010504,0.7977425166977568,0.6651727337351401,0.8526340251017229,0.7718497585115399
11460.0,0.8488888888888889,-47.9061916511677,20.484855983240937,0.8091893550137913,0.7240091893724918,0.9033865568823198,0.8121950337562011
11794.0,0.8736296296296296,-70.83221955135674,21.73811554621792,0.779859353446208,0.7250719966271278,0.8988144083028671,0.801248586125401
10946.0,0.8108148148148148,-85.99778627857339,24.850220777832575,0.8171833709139648,0.7842441081289486,0.9034005340701224,0.8349426710376786
10462.0,0.774962962962963,-65.0175133724389,30.23175218842906,0.8601669612664975,0.8298244390128008,0.9979187210851164,0.8959700404548049
9711.0,0.7193333333333334,-46.59553037483768,36.25765546579342,0.9432255091319025,0.903413715249352,0.9665107692334425,0.9377166645382324
10458.0,0.7746666666666666,-31.57775801575016,33.17675835194326,1.0518210517564808,0.8663138257974807,1.0128927814739055,0.9770092196759558
11057.0,0.819037037037037,-42.13493707690547,29.018898150575954,0.9555190268525237,0.8566057025393385,0.8853327982593197,0.8991525092170606
11124.0,0.824,-71.25874646962475,30.621971277455664,0.8934238476292378,0.8505006133124461,0.8526980776401506,0.8655408461939448
11737.0,0.8694074074074074,-51.101015148032516,30.266840176675018,0.840168912024734,0.860582288516533,0.8713740217744699,0.8573750741052457
13014.0,0.964,-41.348702495651224,23.483545821961652,0.8134322467833467,0.8619537453228919,0.8861003292299287,0.8538287737787225
12698.0,0.9405925925925926,-56.46130191435567,20.960302687994133,0.8413774753236417,0.8599806557247838,0.8356402558347016,0.8456661289610423
13373.0,0.9905925925925926,-66.6704978785456,15.22639505734766,0.8235676683485992,0.8802648402561407,0.9240878116528112,0.8759734400858504
13839.0,1.025111111111111,-92.03440753306361,14.61600722492756,0.7802272756040444,0.8692276708573567,0.8598243152037074,0.8364264205550361
15334.0,1.135851851851852,-97.7921174567539,13.361632940167588,0.8051255130821531,0.7934404249588612,0.8154654463739808,0.8046771281383318
14822.0,1.097925925925926,-73.72713948075643,17.0566382101573,0.9091330137506182,0.8331003624563317,0.789493341304686,0.8439089058372119
15709.0,1.1636296296296296,-72.5559839570547,17.022082004109865,0.7979437029306282,0.7998885094350565,0.8162098514067141,0.8046806879241329
15538.0,1.150962962962963,-40.49022392052123,19.230043252451644,0.7284619838201807,0.8142695124415202,0.7977057920214111,0.7801457627610374
16130.0,1.1948148148148148,-20.713451397932925,18.12706045637756,0.7104051194817194,0.7744519435548332,0.7438078540877244,0.7428883057080924
15172.0,1.1238518518518519,-1.391111864306198,20.035868563801557,0.7428954851188541,0.8238781322822457,0.8145364946664921,0.7937700373558639
15621.0,1.1571111111111112,-10.960692919542211,18.81234673813588,0.8130345384573152,0.8141539975154471,0.8717676525827154,0.8329853961851592
15384.0,1.1395555555555557,-15.902936180927076,15.83838087890964,0.7797480720644598,0.8726244636517779,0.8897803773407188,0.8473843043523188
15669.0,1.1606666666666667,-21.958293506287724,14.592545806469072,0.7353845835447861,0.834613908163225,0.8676782308091331,0.8125589075057148
15705.0,1.1633333333333333,-24.66962893034387,12.978050931932735,0.8367053693279132,0.8753007093373323,1.0394006065620909,0.9171355617424455
15566.0,1.153037037037037,-6.128461459433621,10.796055640377412,0.8886212314100527,0.8571305991408682,1.0500564014548257,0.9319360773352487
15401.0,1.1408148148148147,23.435337768093913,11.834816094058167,0.8621128156141334,0.8779959062020912,1.0614973036158128,0.9338686751440125
15730.0,1.165185185185185,60.95546916026652,12.41039681827766,0.8728069561649214,0.8706498458121633,1.0132156183518055,0.9188908067762968
15570.0,1.1533333333333333,57.944680059903945,12.969369763487995,0.9628221631266418,0.9320254408134063,1.0205600431662087,0.9718025490354189
15228.0,1.128,38.13256136191052,14.70501551688056,1.0042119350557934,0.9591653746311265,1.1222656811532354,1.0285476636133852
15121.0,1.120074074074074,6.744382585120592,13.560398421987045,1.0448138073088666,0.955517689162784,0.9925925640362568,0.9976413535026358
14349.0,1.062888888888889,19.185246714995888,13.295024291572064,1.0978348637273294,1.018441574365856,1.0060970071897002,1.0407911484276287
12930.0,0.9577777777777777,5.8815084582804165,15.872288304590455,1.139468495372994,1.1609628144236652,1.0388700373329396,1.1131004490431995
13217.0,0.979037037037037,-20.08109146268481,17.217297635162623,1.2193031393971265,1.1057130244324966,1.1341520965066503,1.1530560867787578
11698.0,0.8665185185185185,-54.63403688176642,22.935540730242835,1.3285587366109113,1.175691091410745,1.048122521741713,1.1841241165877898
12025.0,0.8907407407407407,-87.64492323098705,26.290440505047428,1.2194188488362085,1.1576859339885426,1.077639090640387,1.151581291155046
13673.0,1.0128148148148148,-100.24472760095846,22.93612016850179,1.1017506776867556,1.079871350316542,1.0091215975496375,1.063581208517645
14217.0,1.053111111111111,-110.34639355337322,21.05183440932553,1.0368869196411958,1.0499959803196268,1.0460057613269422,1.0442962204292547
14832.0,1.0986666666666667,-119.82694151229198,20.313702222971745,1.1429446553628424,1.0340448587205824,1.0621546237161326,1.0797147125998523
14721.0,1.0904444444444445,-111.5968026068452,17.997313173324397,1.0318328157754455,0.99848541219659,1.0380139586162682,1.0227773955294346
14070.0,1.0422222222222222,-108.77855831132116,17.647397809500152,1.0036295368832417,1.0191449303211708,0.9785905627278567,1.0004550099774232
15595.0,1.155185185185185,-106.50242068040073,14.454430661066445,0.9962446712498971,0.9287766240196857,0.9311812623188305,0.9520675191961377
13159.0,0.9747407407407407,-97.6410933339696,13.058240632772643,0.9772208347568211,1.0435007643029865,0.8912948784545563,0.9706721591714547
12997.0,0.9627407407407408,-103.66254830848077,13.306006413051735,1.016462217142913,1.021429547325862,0.9894075710368866,1.0090997785018871
12870.0,0.9533333333333334,-98.92028646829911,14.014088769722811,0.9169240618662915,1.0132941746053363,1.0675943225011184,0.9992708529909153
12718.0,0.9420740740740741,-99.43026235022612,14.989593565794664,0.9427923610856375,1.0182399399165838,0.968123813735864,0.9763853715793617
13450.0,0.9962962962962963,-102.20465519169763,14.264060614047272,1.002192961968154,0.8987738086265046,0.9644419056397519,0.9551362254114703
13497.0,0.9997777777777778,-95.7417862181415,15.07198500453275,0.952813933606669,0.8380301933465428,0.9528027750105105,0.9145489673212408
13451.0,0.9963703703703704,-81.96229563861475,12.839763450949219,0.852278782922189,0.7374495014741086,0.8587197610035304,0.8161493484666092
11457.0,0.8486666666666667,-81.52460705557851,16.70682672889874,0.8169200361984243,0.6179996864615938,0.8103262462851929,0.748415322981737
